code,name,date,order_shares,sigma_minute,gamma,open,close,intraday_return,market_twap,market_vwap,ac_avg_price,twap_avg_price,vwap_avg_price,ac_minus_twap_bps,ac_minus_vwap_bps,twap_minus_vwap_bps,ac_first_half_ratio,vwap_first_half_ratio
000002,万科A,2026-04-28,10000,0.0025263259939764036,1.8663971406300847e-09,3.7300000190734863,3.75,0.0053476012130600215,3.7585123885761607,3.7671643985758703,3.759437055667989,3.758512542823858,3.767168036897657,2.4597838469264666,-20.521997303932782,-22.976129519635123,0.520926021320716,0.4074245668873702
000002,万科A,2026-04-29,10000,0.0025263259939764036,1.8663971406300847e-09,3.7699999809265137,3.869999885559082,0.02617948106975413,3.86231396612057,3.8579548105684345,3.8619654070574883,3.8623141203682665,3.8579584776512093,-0.9028610825290162,10.386139274154438,11.29001968862342,0.520926021320716,0.4297643512292569
000002,万科A,2026-04-30,10000,0.0025263259939764036,1.8663971406300847e-09,3.859999895095825,3.910000085830689,0.012870239649365203,3.913967012373869,3.907297111062277,3.9139827787838235,3.9139671666215663,3.9073008556706728,0.03988833220169852,17.10112264186936,17.0611662555209,0.520926021320716,0.43058722290339346
000002,万科A,2026-05-06,10000,0.0025263259939764036,1.8663971406300847e-09,3.940000057220459,4.019999980926514,0.020101160053479894,3.979090970409803,3.972782270098091,3.9773422515274937,3.9790911246575003,3.9727849687586843,-4.395157273904271,11.471254559829447,15.873388437599445,0.520926021320716,0.3560822676121817
000002,万科A,2026-05-07,10000,0.0025263259939764036,1.8663971406300847e-09,4.0,3.9800000190734863,-0.005012537031211045,3.9755462458153734,3.9792461882327133,3.9756800750047927,3.9755464026554708,3.9792492840839433,0.33623642081703764,-8.969553863907853,-9.305477400682882,0.5200692834092872,0.3927009252627554
000002,万科A,2026-05-08,10000,0.0025263259939764036,1.8663971406300847e-09,3.9700000286102295,3.990000009536743,0.005025131386227345,3.9882644976466155,3.9853822775684895,3.988822625365549,3.988264651894311,3.985385214144818,1.3990382282513814,8.6250413348532,7.22499230255913,0.520926021320716,0.36923762955800205
000002,万科A,2026-05-11,10000,0.0025263259939764036,1.8663971406300847e-09,3.990000009536743,4.090000152587891,0.02475377407032904,4.074049606796138,4.062444668454166,4.073627773943331,4.0740497610438355,4.062448208723099,-1.0357927007664802,27.519280605785568,28.55803132659096,0.520926021320716,0.4122351081058333
000002,万科A,2026-05-12,10000,0.0025263259939764036,1.8663971406300847e-09,4.059999942779541,4.110000133514404,0.012240101473467267,4.086363678136148,4.0875307193012915,4.086026836345276,4.086363832383845,4.087533951785129,-0.8246843707315765,-3.687101948582905,-2.862653656424685,0.520926021320716,0.4031726442582313
000002,万科A,2026-05-13,10000,0.0025263259939764036,1.8663971406300847e-09,4.090000152587891,4.0,-0.022250646242371802,4.001652922512086,4.002226686384834,4.002409016013417,4.001653076759783,4.002230124787575,1.8890674407168184,0.4469788599470448,-1.4418162119622657,0.520926021320716,0.4124965558646844
000002,万科A,2026-05-14,10000,0.0025263259939764036,1.8663971406300847e-09,4.019999980926514,3.869999885559082,-0.03802742041588802,3.90272735958257,3.901247481259318,3.9040211945264955,3.902727513830267,3.9012506888838483,3.314811735239953,7.10158321930221,3.7855166565603504,0.520926021320716,0.39436306328465204
000002,万科A,2026-05-15,10000,0.0025263259939764036,1.8663971406300847e-09,3.869999885559082,3.7899999618530273,-0.020888468441222687,3.817520596764304,3.8218959555262715,3.818994478866719,3.817520751012002,3.8218983909348214,3.8604318112134273,-7.598088099333156,-11.45409813406606,0.520926021320716,0.3288248688392898
000002,万科A,2026-05-18,10000,0.0025263259939764036,1.8663971406300847e-09,3.7899999618530273,3.6700000762939458,-0.03217432617415086,3.693583387136459,3.6952726510709932,3.6943253850195616,3.6935835426695545,3.6952760010459134,2.008462354883278,-2.5725169813639592,-4.580059448550111,0.5245945405638177,0.40795208636335845
000002,万科A,2026-05-19,10000,0.0025263259939764036,1.8663971406300847e-09,3.680000066757202,3.7100000381469727,0.008119116580163102,3.693719061938199,3.690735465492078,3.693860020269415,3.6937192161858956,3.690738592694526,0.3811986652979549,8.457460468935807,8.075953949351344,0.520926021320716,0.37995525333755664
000002,万科A,2026-05-20,10000,0.0025263259939764036,1.8663971406300847e-09,3.680000066757202,3.609999895095825,-0.019205027035922546,3.6102478445068864,3.616825978925688,3.6106824828161908,3.6102479987545832,3.616829209707046,1.2034742814281962,-16.994794430321704,-18.196078860455156,0.520926021320716,0.3932601718040249
000002,万科A,2026-05-21,10000,0.0025263259939764036,1.8663971406300847e-09,3.609999895095825,3.4800000190734863,-0.03667544401819114,3.561652833765203,3.562039714550575,3.5635980784908465,3.5616529880129004,3.562041701519055,5.461201538983218,4.369339559184837,-1.0912660174333677,0.520926021320716,0.3117673634911006
000002,万科A,2026-05-22,10000,0.0025263259939764036,1.8663971406300847e-09,3.490000009536743,3.4600000381469727,-0.008633138852157517,3.46842978217385,3.472484085212143,3.4679897894325715,3.468429936421548,3.4724871111005196,-1.269009312698799,-12.951298375079023,-11.683771743895566,0.520926021320716,0.36400436311271367
000002,万科A,2026-05-25,10000,0.0025263259939764036,1.8663971406300847e-09,3.4700000286102295,3.490000009536743,0.005747136743136235,3.4757851470600474,3.4808804915389664,3.475444543443959,3.4757853013077455,3.4808837984550394,-0.9803766177907125,-15.626074658092737,-14.647134011070984,0.520926021320716,0.41073904687853435
000002,万科A,2026-05-26,10000,0.0025263259939764036,1.8663971406300847e-09,3.4700000286102295,3.4000000953674316,-0.020379142532430818,3.3978513035892455,3.400061748666648,3.399238270961317,3.397851457836943,3.400064874747828,4.081441291894361,-2.4311412192457027,-6.509925523255911,0.520926021320716,0.3986159168953094
000002,万科A,2026-05-27,10000,0.0025263259939764036,1.8663971406300847e-09,3.380000114440918,3.3299999237060547,-0.01490346227192905,3.314180272524474,3.304589464486298,3.3141670060907686,3.314180425507846,3.3045926311634575,-0.040490906814127925,28.97293553529634,29.013543920579643,0.525386142132398,0.3970951552779868
000858,五粮液,2026-04-28,10000,0.0020887877427575347,1.6542895808987146e-07,100.04000091552734,100.04000091552734,0.0,100.01214908568328,100.00498579505395,100.01218275160686,100.01216275749798,100.00522528872867,0.0019991677335795544,0.6957099349658158,0.6937106285476169,0.49606935740710867,0.36322243310603036
000858,五粮液,2026-04-29,10000,0.0020887877427575347,1.6542895808987146e-07,97.87999725341795,98.33999633789062,0.004688614230764046,98.08710719337148,98.09907297135058,98.08705807439476,98.08712086518618,98.09937590803841,-0.006401532726130199,-1.255648522697772,-1.2492477896819398,0.49606935740710867,0.411065931162007
000858,五粮液,2026-04-30,10000,0.0020887877427575347,1.6542895808987146e-07,97.72000122070312,97.0999984741211,-0.00636489929861574,97.17900797946395,97.16449082101886,97.17911013898824,97.17902165127866,97.16475797600525,0.009105639064976856,1.4770955315435152,1.467988555781119,0.49606935740710867,0.37734548349478136
000858,五粮液,2026-05-06,10000,0.0020887877427575347,1.6542895808987146e-07,92.0,92.16000366210938,0.0017376596349698986,91.93322318841604,91.86511485537962,91.93340363473162,91.93323686023072,91.8654132933318,0.018140827691137673,7.401081534650356,7.382927313717147,0.49606935740710867,0.3976085495813552
000858,五粮液,2026-05-07,10000,0.0020887877427575347,1.6542895808987146e-07,92.5,92.62999725341795,0.001404389096449056,92.89042016037372,92.86848878538925,92.89054949954642,92.89043406196691,92.86881004727174,0.01242728389305725,2.340877659960938,2.328447482440321,0.49599330981316,0.38565321813130615
000858,五粮液,2026-05-08,10000,0.0020887877427575347,1.6542895808987146e-07,92.62999725341795,92.12999725341795,-0.0054124403060153625,92.32991734023922,92.40409840089826,92.32995937952691,92.32993101205392,92.40436788142287,0.0030724027055839542,-8.052487517845597,-8.055557445560968,0.49606935740710867,0.3643083670084109
000858,五粮液,2026-05-11,10000,0.0020887877427575347,1.6542895808987146e-07,91.97000122070312,91.80999755859376,-0.0017412526237806487,91.70115705758087,91.58829027925451,91.70118274955757,91.70117072939557,91.5885638073477,0.0013107970064929475,12.296179515027816,12.29486710641492,0.49606935740710867,0.37907614899019304
000858,五粮液,2026-05-12,10000,0.0020887877427575347,1.6542895808987146e-07,91.6999969482422,90.55999755859376,-0.012509758486735809,90.72743786267998,90.90588663209941,90.72754021022574,90.72745153449468,90.90617987627243,0.009773858911099609,-19.650992516661027,-19.660747159435665,0.49606935740710867,0.40569627216390264
000858,五粮液,2026-05-13,10000,0.0020887877427575347,1.6542895808987146e-07,90.7300033569336,89.06999969482422,-0.018465526163163215,89.23024787587568,89.2042838963229,89.23046476775093,89.23026154769038,89.20452919438117,0.022774791537116812,2.907427863134693,2.8846465018772527,0.49606935740710867,0.36614916731389563
000858,五粮液,2026-05-14,10000,0.0020887877427575347,1.6542895808987146e-07,88.77999877929688,88.9800033569336,0.002250277448592481,88.61661170139786,88.72483470518002,88.61650169390444,88.61662537321256,88.72502454061014,-0.013956670951165151,-12.231368463135883,-12.217428843647182,0.49606935740710867,0.3222225380413897
000858,五粮液,2026-05-15,10000,0.0020887877427575347,1.6542895808987146e-07,88.0,86.87000274658203,-0.01292403458922539,87.03132213245739,87.10054714164794,87.031394059733,87.03133580427208,87.10079606462115,0.006693619072350998,-7.968010399888037,-7.974698681001424,0.49606935740710867,0.3695025372928535
000858,五粮液,2026-05-18,10000,0.0020887877427575347,1.6542895808987146e-07,86.5999984741211,85.56999969482422,-0.011965047084964653,85.64433339436849,85.60950993470917,85.64437114881098,85.64434718011499,85.60975630534482,0.0027986314066197338,4.043329283953678,4.040529521751601,0.5001977402996508,0.3723937845359988
000858,五粮液,2026-05-19,10000,0.0020887877427575347,1.6542895808987146e-07,85.94999694824219,85.79000091552734,-0.0018632360660590461,86.02842958308449,86.06007905832345,86.02862592879633,86.0284432548992,86.0603954940898,0.02123412794929891,-3.691543027554145,-3.712769271760896,0.49606935740710867,0.3922432249826497
000858,五粮液,2026-05-20,10000,0.0020887877427575347,1.6542895808987146e-07,85.22000122070312,85.54000091552734,0.0037479511057725776,85.44677683932723,85.31241273967274,85.44670082744935,85.44679051114194,85.3127411322405,-0.010495852689196283,15.70219095424319,15.712703298755848,0.49606935740710867,0.43408287850511396
000858,五粮液,2026-05-21,10000,0.0020887877427575347,1.6542895808987146e-07,85.5199966430664,85.3499984741211,-0.001989796101042085,86.02628074204627,86.13713161768328,86.0264697550465,86.02629441386097,86.13739480160474,0.020382278085318006,-12.877687653977121,-12.898043642910473,0.49606935740710867,0.3836991680450577
000858,五粮液,2026-05-22,10000,0.0020887877427575347,1.6542895808987146e-07,85.54000091552734,84.05999755859375,-0.017453312968321904,84.23388425968895,84.31055661988421,84.23395330555391,84.23389793150366,84.31084073202997,0.006573843975843374,-9.11951841643166,-9.126086261060928,0.49606935740710867,0.37871593290043537
000858,五粮液,2026-05-25,10000,0.0020887877427575347,1.6542895808987146e-07,83.5999984741211,84.13999938964844,0.006438569069858942,84.2036361694336,84.18756531782917,84.2036611363646,84.20364984124829,84.18787725441409,0.0013414045985093992,1.8748402341595138,1.8734985782509206,0.49606935740710867,0.42177688148841097
000858,五粮液,2026-05-26,10000,0.0020887877427575347,1.6542895808987146e-07,83.6500015258789,83.41000366210938,-0.002873195515623547,83.38429808813679,83.37867288767258,83.3844580139835,83.38431175995149,83.37894027767307,0.017539754053608192,0.6617661836494371,0.6442252996419207,0.49606935740710867,0.36109398010725097
000858,五粮液,2026-05-27,10000,0.0020887877427575347,1.6542895808987146e-07,82.94999694824219,83.88999938964844,0.011268429736461937,82.9938527716965,83.26417883499579,82.99347321230287,82.99386633144715,83.26431960418608,-0.04736725274456788,-32.52850598800761,-32.48129259022181,0.5002043843068079,0.24708999711235455
002594,比亚迪,2026-04-28,10000,0.0017166517346674682,1.5121098902374824e-07,101.83999633789062,101.4499969482422,-0.003836882099284763,101.8611568104137,102.13588528513644,101.86124070955908,101.86116930718964,102.1361655484657,0.007009773197452773,-26.91748191546828,-26.924472815220703,0.4960167418470758,0.3938726682857775
002594,比亚迪,2026-04-29,10000,0.0017166517346674682,1.5121098902374824e-07,101.51000213623048,105.41000366210938,0.03770020616779996,104.50892569802024,104.43037122569623,104.50871091764023,104.50893819479617,104.43062326285772,-0.021747150039663765,7.477467082233069,7.499230540961577,0.4960167418470758,0.3609067207506815
002594,比亚迪,2026-04-30,10000,0.0017166517346674682,1.5121098902374824e-07,104.55999755859376,102.9800033569336,-0.015226218750720675,102.98677668295616,102.98307541402235,102.98688487773755,102.98678917973211,102.9833517693007,0.00929226031898267,0.34307568904656804,0.3337831185690199,0.4960167418470758,0.38723356542680654
002594,比亚迪,2026-05-06,10000,0.0017166517346674682,1.5121098902374824e-07,101.6999969482422,100.76000213623048,-0.00928580036147743,100.63966924493963,100.61955395823614,100.639633553154,100.63968174171556,100.61983452957229,-0.004788226743990265,1.9677058379463652,1.9724950091659643,0.4960167418470758,0.4122680808525176
002594,比亚迪,2026-05-07,10000,0.0017166517346674682,1.5121098902374824e-07,101.22000122070312,100.47000122070312,-0.007437190221682863,100.37890753225118,100.48645483475211,100.3789257122869,100.37892023905704,100.48668630035563,0.0005452568974106953,-10.723867214272875,-10.724411886414709,0.49594241603242006,0.35610651865351045
002594,比亚迪,2026-05-08,10000,0.0017166517346674682,1.5121098902374824e-07,100.4800033569336,100.0199966430664,-0.00458860370072725,100.01421488612151,100.01302255152376,100.01424384747546,100.01422738289746,100.01328816196954,0.0016462235841174788,0.0955558529747158,0.09390961392963248,0.4960167418470758,0.4039520157194016
002594,比亚迪,2026-05-11,10000,0.0017166517346674682,1.5121098902374824e-07,100.0,100.44000244140624,0.0043903726084035975,99.79677707892805,99.82296901727582,99.79663771896834,99.79678957570398,99.82321332607661,-0.015216595271594358,-2.6622672445397733,-2.6470546771839576,0.4960167418470758,0.38124791039894124
002594,比亚迪,2026-05-12,10000,0.0017166517346674682,1.5121098902374824e-07,99.9499969482422,99.16999816894533,-0.007834499679326857,99.37090919431576,99.33986914575985,99.37097998669323,99.3709216910917,99.34011776992503,0.005866464811710159,3.1067223857816906,3.1008541018651137,0.4960167418470758,0.3854641255193359
002594,比亚迪,2026-05-13,10000,0.0017166517346674682,1.5121098902374824e-07,99.2300033569336,98.58000183105467,-0.006572001904441814,98.20776877915564,98.146703747854,98.20777140172915,98.20778127593158,98.14698057865118,-0.0010054399257608537,6.193855656033698,6.19486171881567,0.4960167418470758,0.4082115795290593
002594,比亚迪,2026-05-14,10000,0.0017166517346674682,1.5121098902374824e-07,99.2300033569336,98.72000122070312,-0.005152849233590408,99.01231441024906,98.9892907464182,99.01234740838993,99.012326907025,98.98957366409493,0.002070587123981227,2.3006205049713735,2.2985494419103247,0.4960167418470758,0.3932354849881493
002594,比亚迪,2026-05-15,10000,0.0017166517346674682,1.5121098902374824e-07,98.0,96.3000030517578,-0.017499128176380385,96.68760353277537,96.78360660732729,96.68764130553592,96.68761602955131,96.78386378929447,0.002614190488525736,-9.941996526201535,-9.944608116979614,0.4960167418470758,0.36979132562790207
002594,比亚迪,2026-05-18,10000,0.0017166517346674682,1.5121098902374824e-07,95.33000183105467,94.4800033569336,-0.008956368293292669,94.70608348846436,94.7307893768991,94.70614005515057,94.7060960893801,94.73106466257335,0.00464233795849367,-2.6310912382920826,-2.635732352653797,0.5001461290332497,0.41069687511018665
002594,比亚迪,2026-05-19,10000,0.0017166517346674682,1.5121098902374824e-07,94.62999725341795,95.98999786376952,0.014269475625017718,95.35404974567004,95.26137710951423,95.35395329172748,95.35406224244598,95.26159965844317,-0.011425912639362323,9.694738868069042,9.706175870898281,0.4960167418470758,0.3681549733028168
002594,比亚迪,2026-05-20,10000,0.0017166517346674682,1.5121098902374824e-07,95.22000122070312,93.37999725341795,-0.019512856456358987,93.85652873141707,94.0592557405812,93.8566636784889,93.85654122819301,94.05950283253271,0.013046538289707144,-21.564982583945902,-21.578000970413626,0.4960167418470758,0.37482312376980975
002594,比亚迪,2026-05-21,10000,0.0017166517346674682,1.5121098902374824e-07,93.5999984741211,93.62000274658205,0.00021369802805949663,94.61743807201543,94.75572587916594,94.61759618714954,94.61745056879137,94.75597647223175,0.015390222132261044,-14.60385827196431,-14.619225994781937,0.4960167418470758,0.3943530766460678
002594,比亚迪,2026-05-22,10000,0.0017166517346674682,1.5121098902374824e-07,93.62000274658205,93.77999877929688,0.001707535435291469,93.64561998351546,93.69274112282784,93.64558138652829,93.64563248029143,93.69299096171083,-0.0054560753959265185,-5.060098380456068,-5.054645062911867,0.4960167418470758,0.36201445358125267
002594,比亚迪,2026-05-25,10000,0.0017166517346674682,1.5121098902374824e-07,95.05999755859376,95.95999908447266,0.009423182927704592,95.89834708221687,96.09358522654985,95.89846527781377,95.89835957899281,96.09385765596132,0.01102196340196926,-20.33349299464082,-20.34449253441761,0.4960167418470758,0.40781059017743276
002594,比亚迪,2026-05-26,10000,0.0017166517346674682,1.5121098902374824e-07,95.5,96.5500030517578,0.01093479299589438,96.37462849262332,96.3852251926743,96.37457799784505,96.37464098939927,96.38549965321137,-0.006536112983068776,-1.133122244073581,-1.1265868674403823,0.4960167418470758,0.41112846393282115
002594,比亚迪,2026-05-27,10000,0.0017166517346674682,1.5121098902374824e-07,96.0,95.22000122070312,-0.008158174881644999,95.46811482163726,95.42107518844304,95.46832627703897,95.4681272159806,95.42134410777545,0.020851048845305087,4.923654105148945,4.902792833467728,0.5001510393560102,0.39035786746678525
300059,东方财富,2026-04-28,10000,0.0019466052637904464,2.471529656588432e-09,19.90999984741211,20.149999618530273,0.011982159048968793,20.21950415934413,20.222682740534008,20.22026512632291,20.219504363602777,20.222687940249003,0.3762519132277653,-1.1980672071143506,-1.5742598885137848,0.5073666612533755,0.2698883797489158
300059,东方财富,2026-04-29,10000,0.0019466052637904464,2.471529656588432e-09,20.040000915527344,20.270000457763672,0.01141166114555703,20.14190084284002,20.198694794115145,20.14016084785491,20.14190104709867,20.19869994060633,-0.8639697115431222,-28.981614125438426,-28.120073903109557,0.5073666612533755,0.17646170396983196
300059,东方财富,2026-04-30,10000,0.0019466052637904464,2.471529656588432e-09,20.239999771118164,20.3700008392334,0.006402438327319568,20.443966952237215,20.43283985914251,20.44600890277127,20.443967156495862,20.432845164287958,0.9987035587455395,6.4424402854657,5.443193113088274,0.5073666612533755,0.27383526522236523
300059,东方财富,2026-05-06,10000,0.0019466052637904464,2.471529656588432e-09,20.450000762939453,20.84000015258789,0.01889130441067921,20.83652885689223,20.863326703298796,20.83498891914759,20.83652906115088,20.863331189341775,-0.7391547789792341,-13.584729081357327,-12.84652385932783,0.5073666612533755,0.41213929527364745
300059,东方财富,2026-05-07,10000,0.0019466052637904464,2.471529656588432e-09,20.989999771118164,20.719999313354492,-0.012946738676194204,20.66999988395627,20.659961711497708,20.669914168318122,20.670000091647854,20.659965923379453,-0.041569099831217926,4.815228144887662,4.856817434071292,0.5069276857416793,0.3929453213265895
300059,东方财富,2026-05-08,10000,0.0019466052637904464,2.471529656588432e-09,20.600000381469727,20.489999771118164,-0.005354143233091369,20.519008147815043,20.499881357278117,20.520330144211613,20.519008352073687,20.499885454880538,0.6441793459255329,9.973074911113766,9.328294655712721,0.5073666612533755,0.39807014977498795
300059,东方财富,2026-05-11,10000,0.0019466052637904464,2.471529656588432e-09,20.459999084472656,21.290000915527344,0.03976580613178315,20.946942163893013,20.975227455536555,20.942632432588976,20.946942368151664,20.975230183581903,-2.057548775825646,-15.54106949369416,-13.486295588965858,0.5073666612533755,0.3151219702668882
300059,东方财富,2026-05-12,10000,0.0019466052637904464,2.471529656588432e-09,21.1299991607666,21.270000457763672,0.0066038588233694575,21.264132271128254,21.24346429745508,21.264944212421817,21.264132475386898,21.243469496727858,0.3817400196592935,10.108855193011745,9.726743864613141,0.5073666612533755,0.2678485115627143
300059,东方财富,2026-05-13,10000,0.0019466052637904464,2.471529656588432e-09,21.1299991607666,21.09000015258789,-0.0018947901845746671,20.9536363113025,21.017660400412066,20.952965139219614,20.953636515561154,21.017665544145753,-0.3204104170850819,-30.783820776975055,-30.464386470567817,0.5073666612533755,0.21827714955516703
300059,东方财富,2026-05-14,10000,0.0019466052637904464,2.471529656588432e-09,21.13999938964844,20.190000534057617,-0.04597949279387389,20.609256066566658,20.43238769508201,20.6140935498118,20.609256270825302,20.432392809253678,2.347139034484247,88.92778357110886,86.56032762424326,0.5073666612533755,0.22264057778058768
300059,东方财富,2026-05-15,10000,0.0019466052637904464,2.471529656588432e-09,20.200000762939453,19.719999313354492,-0.024049327821701414,19.92297516184405,19.868961536096574,19.92523286028441,19.9229753661027,19.86896670908301,1.1331109637113812,28.318609631410308,27.182418598044045,0.5073666612533755,0.222379481422512
300059,东方财富,2026-05-18,10000,0.0019466052637904464,2.471529656588432e-09,19.59000015258789,19.760000228881836,0.008640464157290664,19.815416606267295,19.839747408877237,19.816035281803913,19.8154168122281,19.839751613833354,0.31211535022057646,-11.953946042804198,-12.26567856236982,0.5112824310146098,0.3927395084135233
300059,东方财富,2026-05-19,10000,0.0019466052637904464,2.471529656588432e-09,19.790000915527344,19.899999618530273,0.005542906684520814,19.627603310198822,19.70757578041467,19.626920841340276,19.62760351445747,19.707580834049942,-0.34781277127970966,-40.9284089147588,-40.582007637534055,0.5073666612533755,0.2147250969784052
300059,东方财富,2026-05-20,10000,0.0019466052637904464,2.471529656588432e-09,19.770000457763672,19.68000030517578,-0.004562753205978466,19.726942125430778,19.73301455234204,19.72742011663424,19.72694232968942,19.73301976744674,0.24220020357512695,-2.8377059763251555,-3.0798315863167502,0.5073666612533755,0.211423938770248
300059,东方财富,2026-05-21,10000,0.0019466052637904464,2.471529656588432e-09,19.8700008392334,19.979999542236328,0.005520651509382668,20.5106611173015,20.342279052384647,20.516041233598546,20.510661321560146,20.342284276432213,2.6229832154389676,85.41663994325432,82.77194578536484,0.5073666612533755,0.2639025507499245
300059,东方财富,2026-05-22,10000,0.0019466052637904464,2.471529656588432e-09,19.989999771118164,19.5,-0.024817671492790794,19.507355303803752,19.521682680153948,19.50919666505542,19.5073555080624,19.521687975167254,0.9438270565476081,-6.398683416989348,-7.34181753293317,0.5073666612533755,0.2565479450949291
300059,东方财富,2026-05-25,10000,0.0019466052637904464,2.471529656588432e-09,19.760000228881836,19.8700008392334,0.005551394897119247,19.717520768977394,19.78217500331213,19.718229642649444,19.71752097323604,19.782179031002105,0.3594110103222192,-32.326766557132515,-32.68500283246545,0.5073666612533755,0.38067686702313597
300059,东方财富,2026-05-26,10000,0.0019466052637904464,2.471529656588432e-09,19.670000076293945,20.049999237060547,0.019134479421070886,19.9079338262889,19.922873984750773,19.910472152404434,19.907934030547548,19.922878195622754,1.2749298108949425,-6.227033612565824,-7.501007097704404,0.5073666612533755,0.40141405902057925
300059,东方财富,2026-05-27,10000,0.0019466052637904464,2.471529656588432e-09,19.81999969482422,19.61000061035156,-0.010651842171716218,19.805819699021637,19.724128497347493,19.809083458971514,19.80581990160603,19.724133554282947,1.6477769573275403,43.0690171787651,41.41441604939011,0.5116542733935527,0.21260073313605357
300750,宁德时代,2026-04-28,10000,0.002392073550386956,7.79592541561375e-07,426.19000244140625,427.6000061035156,0.003302931469916931,428.75917318044617,428.7138389128609,428.7591519928924,428.75923760958176,428.71514080872953,-0.001996847691643211,1.0265833877443065,1.0285804408272092,0.4959238831545409,0.3889013579369466
300750,宁德时代,2026-04-29,10000,0.002392073550386956,7.79592541561375e-07,430.989990234375,445.1499938964844,0.03232642498869298,436.92975130948156,437.9817522414314,436.9291993510121,436.9298157386171,437.98268706491194,-0.014107245209782349,-24.05318166705861,-24.039108334408255,0.4959238831545409,0.32184412694592884
300750,宁德时代,2026-04-30,10000,0.002392073550386956,7.79592541561375e-07,445.9500122070313,436.1300048828125,-0.022266490245278887,438.84041273889466,439.170331495214,438.8407993795015,438.8404771680303,439.1715423920963,0.007342337089433215,-7.5310665803451915,-7.538403382485459,0.4959238831545409,0.3796638261648581
300750,宁德时代,2026-05-06,10000,0.002392073550386956,7.79592541561375e-07,456.9599914550781,460.489990234375,0.007695277714276596,458.7256197338262,458.5138210359176,458.72516501866187,458.7256841629618,458.51514845051804,-0.011317096858531883,4.580362695836282,4.5916849891480815,0.4959238831545409,0.36651463738236534
300750,宁德时代,2026-05-07,10000,0.002392073550386956,7.79592541561375e-07,466.0,453.8999938964844,-0.026308738110054936,452.92361321970196,452.87364108929114,452.92382734029815,452.9236787316805,452.87496537699064,0.0032810962324880677,1.078928336584184,1.0756468874206782,0.4958525967374101,0.39386747637007874
300750,宁德时代,2026-05-08,10000,0.002392073550386956,7.79592541561375e-07,449.0,437.4500122070313,-0.02606044628500614,442.43330749007293,442.2901073639741,442.4339084432629,442.4333719192086,442.2911994948659,0.012126663320177755,3.226583494313484,3.2144529329336535,0.4959238831545409,0.35542628970902995
300750,宁德时代,2026-05-11,10000,0.002392073550386956,7.79592541561375e-07,440.0,447.25,0.01634299547652159,445.60479484116735,445.7083921939744,445.60455351871224,445.60485927030294,445.7097417986755,-0.006861495882581892,-2.360017520344204,-2.353157639078951,0.4959238831545409,0.3850971588106037
300750,宁德时代,2026-05-12,10000,0.002392073550386956,7.79592541561375e-07,446.25,431.2000122070313,-0.03430728518962005,434.8880163775988,434.91707262168006,434.88852846516784,434.8880808067344,434.9181310720575,0.010293646874881546,-0.6806477995457971,-0.6909407351918251,0.4959238831545409,0.341453657475483
300750,宁德时代,2026-05-13,10000,0.002392073550386956,7.79592541561375e-07,432.0,434.1700134277344,0.005010605156381203,430.8957015108471,430.55588122212555,430.8957349446919,430.8957659399826,430.5570872311147,-0.0007193222384405118,7.865338270356403,7.866058158418898,0.4959238831545409,0.3680339393750696
300750,宁德时代,2026-05-14,10000,0.002392073550386956,7.79592541561375e-07,448.9800109863281,428.0,-0.04785517220805186,433.80942226441437,435.92624953424144,433.80973006105376,433.80948669355,435.9276684917195,0.00561000879972795,-48.58462960136589,-48.59021235101291,0.4959238831545409,0.406733436164486
300750,宁德时代,2026-05-15,10000,0.002392073550386956,7.79592541561375e-07,428.0899963378906,423.69000244140625,-0.010331383783949445,425.1105788049619,425.11872291149933,425.1107704935166,425.11064323409744,425.11980605248027,0.0029935599399344426,-0.21254147266280832,-0.21553496808102146,0.4959238831545409,0.35599854275679554
300750,宁德时代,2026-05-18,10000,0.002392073550386956,7.79592541561375e-07,420.510009765625,416.6600036621094,-0.00919773327692533,417.25349985758464,417.1774366417692,417.25381336530216,417.25356482362974,417.17862450090973,0.005956609920865219,1.802318239156886,1.7963605592119514,0.5000550430893221,0.3677116927924877
300750,宁德时代,2026-05-19,10000,0.002392073550386956,7.79592541561375e-07,415.6600036621094,418.0799865722656,0.005805142453406888,414.325783973883,414.71692931417556,414.3255651955842,414.3258484030186,414.71809213239754,-0.006835379339209524,-9.464909881192751,-9.458080966811,0.4959238831545409,0.36597283476820924
300750,宁德时代,2026-05-20,10000,0.002392073550386956,7.79592541561375e-07,416.0,415.0,-0.0024067400305649764,417.0552050377712,418.7529881004548,417.0553160839024,417.05526946690674,418.75414182801603,0.0011177654157812356,-40.568571732749746,-40.56968496342739,0.4959238831545409,0.35462963937292474
300750,宁德时代,2026-05-21,10000,0.002392073550386956,7.79592541561375e-07,419.0,411.6300048828125,-0.017746020458804697,419.48727265665354,420.7972597795623,419.48769938750286,419.4873370857891,420.7985531260813,0.00863677354967507,-31.15157428275839,-31.160184143963487,0.4959238831545409,0.3925755955787128
300750,宁德时代,2026-05-22,10000,0.002392073550386956,7.79592541561375e-07,414.7000122070313,411.4500122070313,-0.007867860968103362,412.8029762457225,413.39428457448713,412.80305445262735,412.8030406748581,413.395235276498,0.00033376133190543555,-14.324810093047091,-14.325143376261451,0.4959238831545409,0.3340059183796397
300750,宁德时代,2026-05-25,10000,0.002392073550386956,7.79592541561375e-07,411.5,402.9700012207031,-0.020946899599440846,404.8938845799974,405.28996417018715,404.8942857847697,404.893949009133,405.29095166500923,0.008317625825871033,-9.7871881572964,-9.795497635594064,0.4959238831545409,0.33113135194939436
300750,宁德时代,2026-05-26,10000,0.002392073550386956,7.79592541561375e-07,406.19000244140625,402.3399963378906,-0.009523543240776049,403.0938019555462,403.03320287461327,403.0940413598619,403.09386638468186,403.0344012289276,0.0043408048244764075,1.4797776753661118,1.4754362300828383,0.4959238831545409,0.37608375496731333
300750,宁德时代,2026-05-27,10000,0.002392073550386956,7.79592541561375e-07,413.0,414.7999877929687,0.004348853965623268,417.4634436935675,418.1885296608929,417.4639353242589,417.46350759459546,418.1899226215905,0.01024591744336334,-17.36022936134951,-17.37045748116617,0.5000568929732869,0.40548150062544086
600036,招商银行,2026-04-28,10000,0.0008077681484117044,4.991380852525985e-08,39.38999938964844,39.54999923706055,0.0040537134354329315,39.393500010172524,39.39694462762213,39.39349529466466,39.393504169656566,39.39695032662449,-0.002252907450595032,-0.8769795456720075,-0.87472683528933,0.5000980263969252,0.577102688342346
600036,招商银行,2026-04-29,10000,0.0008077681484117044,4.991380852525985e-08,38.900001525878906,38.529998779296875,-0.009557162893900404,38.57058340708415,38.603164334432286,38.57060721840269,38.57058756656819,38.60317252438138,0.005095031145874174,-8.43591442079461,-8.441005151222924,0.5000980263969252,0.7079539280314412
600036,招商银行,2026-04-30,10000,0.0008077681484117044,4.991380852525985e-08,38.400001525878906,38.31999969482422,-0.002085554191327898,38.28275012969971,38.27858800429479,38.282758992571814,38.28275428918374,38.278594813092475,0.0012285918704613152,1.0878611139397698,1.0866323885649898,0.5000980263969252,0.6740260914453657
600036,招商银行,2026-05-06,10000,0.0008077681484117044,4.991380852525985e-08,38.29999923706055,38.0099983215332,-0.00760063742391172,37.969750022888185,37.97128181283453,37.9697584932318,37.96975418237222,37.97129001598314,0.0011353403972513831,-0.40333703455908143,-0.40447232903528807,0.5000980263969252,0.7648680980882518
600036,招商银行,2026-05-07,10000,0.0008077681484117044,4.991380852525985e-08,38.06999969482422,38.0099983215332,-0.0015773235356327955,37.98739524648971,37.994776387904054,37.98740366552006,37.98739944092743,37.99478219804982,0.001112103669154152,-1.9419857419622488,-1.9430976295387037,0.4958949822522949,0.5386880622434688
600036,招商银行,2026-05-08,10000,0.0008077681484117044,4.991380852525985e-08,38.040000915527344,37.959999084472656,-0.002105312121165546,37.97325010299683,37.99278883415073,37.97326416947022,37.973254262480864,37.99279477930568,0.002608938725057186,-5.140608883582587,-5.143216480474333,0.5000980263969252,0.5996772783799798
600036,招商银行,2026-05-11,10000,0.0008077681484117044,4.991380852525985e-08,37.95000076293945,37.970001220703125,0.0005268824474125529,37.85233341852824,37.848804295908074,37.85233231916105,37.85233757801228,37.84880955691819,-0.001389306861776518,0.9307458501606192,0.9321352865243604,0.5000980263969252,0.5012864569547478
600036,招商银行,2026-05-12,10000,0.0008077681484117044,4.991380852525985e-08,37.959999084472656,37.939998626708984,-0.0005270213130363296,37.955499935150144,37.97726258288661,37.95551497479079,37.955504094634186,37.97726854459494,0.0028665556839335693,-5.728050130464624,-5.730915043350437,0.5000980263969252,0.5881802469352038
600036,招商银行,2026-05-13,10000,0.0008077681484117044,4.991380852525985e-08,37.97999954223633,37.88999938964844,-0.002372484409387582,37.89310939372087,37.915256840751255,37.893116391586595,37.89311358815859,37.91526441611402,0.0007398251922197119,-5.841453269151975,-5.842192662123269,0.4958949822522949,0.603316471324368
600036,招商银行,2026-05-14,10000,0.0008077681484117044,4.991380852525985e-08,37.81999969482422,37.83000183105469,0.0002644318859751473,37.880750274658205,37.86714285487615,37.88074767419804,37.88075443414224,37.867149091724045,-0.0017845326205634393,3.5911291977797077,3.592914371568501,0.5000980263969252,0.5850562400864335
600036,招商银行,2026-05-15,10000,0.0008077681484117044,4.991380852525985e-08,37.810001373291016,37.66999816894531,-0.003709681127503557,37.746833419799806,37.738828734868655,37.74685180489869,37.74683757928385,37.73883660049554,0.0037686905063338827,2.123861020941753,2.1200915314389945,0.5000980263969252,0.5347141321151208
600036,招商银行,2026-05-18,10000,0.0008077681484117044,4.991380852525985e-08,37.650001525878906,37.470001220703125,-0.004792349390152606,37.45025208417107,37.456763136144566,37.4502556103979,37.450256278608784,37.45676994002975,-0.0001784262504411771,-1.7391594743165761,-1.7389810790935378,0.4958949822522949,0.6243380844751812
600036,招商银行,2026-05-19,10000,0.0008077681484117044,4.991380852525985e-08,37.4900016784668,37.38999938964844,-0.0026710028537760967,37.47683318456014,37.49058699165355,37.47686138994131,37.47683734404418,37.49059329824045,0.0064162023361014064,-3.6627609997785804,-3.6691748478989705,0.5000980263969252,0.5575309365057431
600036,招商银行,2026-05-20,10000,0.0008077681484117044,4.991380852525985e-08,37.36000061035156,37.189998626708984,-0.004560758687048563,37.25773126938764,37.251691124948415,37.25774363761937,37.25773546382534,37.25169789736909,0.002193851538212499,1.622943541241817,1.6207493341324763,0.4958949822522949,0.5526979534530772
600036,招商银行,2026-05-21,10000,0.0008077681484117044,4.991380852525985e-08,37.150001525878906,37.16999816894531,0.0005381228103085827,37.20374978383382,37.20893018120831,37.20375119303396,37.203753943317864,37.208936038479976,-0.0007392490308788524,-1.3934409306015638,-1.392701784526107,0.5000980263969252,0.5388184013437035
600036,招商银行,2026-05-22,10000,0.0008077681484117044,4.991380852525985e-08,37.11000061035156,37.04999923706055,-0.0016181603696597956,37.156833203633624,37.13011419375649,37.15683256254675,37.15683736311767,37.13012143423476,-0.001291975114670052,7.193924307331567,7.195217212048188,0.5000980263969252,0.6223567789222172
600036,招商银行,2026-05-25,10000,0.0008077681484117044,4.991380852525985e-08,37.0,36.95000076293945,-0.0013522446021261483,37.02352940535345,37.02878945280251,37.023545796689156,37.023533599791165,37.02879572563859,0.0032943635597249,-1.4177962978678682,-1.4210901932676379,0.4958949822522949,0.5359964881282503
600036,招商银行,2026-05-26,10000,0.0008077681484117044,4.991380852525985e-08,36.93000030517578,37.0099983215332,0.002163863918253578,37.05378162159639,37.06394616551872,37.05379038281333,37.053785816034114,37.063955052818386,0.001232473043621951,-2.742467713057195,-2.7436998479468677,0.4958949822522949,0.6225204305016521
600036,招商银行,2026-05-27,10000,0.0008077681484117044,4.991380852525985e-08,36.97999954223633,37.0,0.0005406990639279708,36.96520661913659,36.981321823537755,36.96522468882785,36.96521074424473,36.981328997477355,0.0037723532053668407,-4.3547133340182675,-4.358484043049948,0.4959677030709853,0.6202502578520485
600519,贵州茅台,2026-04-28,10000,0.0011226119800715171,2.857352632014013e-05,1402.0,1403.5699462890625,0.001119164008016203,1402.8447540283203,1403.6275542228425,1402.847135792654,1402.8471351555136,1403.6310915111949,4.541766962518068e-06,-5.58519772953292,-5.585202268761913,0.5000003307932104,0.628754914374318
600519,贵州茅台,2026-04-29,10000,0.0011226119800715171,2.857352632014013e-05,1404.9000244140625,1401.1300048828125,-0.002687085854619126,1401.9170888264973,1402.287569903475,1401.91947090596,1401.9194699536909,1402.291028118538,6.7926086977365685e-06,-2.64964408334345,-2.649650874152476,0.5000003307932104,0.4831735719031434
600519,贵州茅台,2026-04-30,10000,0.0011226119800715171,2.857352632014013e-05,1400.0,1384.8499755859375,-0.010880423725620375,1385.5093353271484,1386.3868974133761,1385.5117202725387,1385.5117164543417,1386.3905012483403,2.755802697151921e-05,-6.338625192615632,-6.338652733175465,0.5000003307932104,0.6282566731733946
600519,贵州茅台,2026-05-06,10000,0.0011226119800715171,2.857352632014013e-05,1365.0999755859375,1375.0,0.007226062976189521,1372.2965891520182,1370.0226986686807,1372.2989701646857,1372.2989702792115,1370.030913901406,-8.345546476107302e-07,16.55478164956925,16.554782485505015,0.5000003307932104,0.680232053880772
600519,贵州茅台,2026-05-07,10000,0.0011226119800715171,2.857352632014013e-05,1374.77001953125,1371.3299560546875,-0.002505418816955896,1376.9973134273241,1377.778089333441,1376.9997172857559,1376.9997145639902,1377.7824758520715,1.9765913350511255e-05,-5.681292802273141,-5.681312556956586,0.4957986455188729,0.5744571995333083
600519,贵州茅台,2026-05-08,10000,0.0011226119800715171,2.857352632014013e-05,1371.97998046875,1371.989990234375,7.2958273829997954e-06,1373.0773156430541,1373.4521161354262,1373.0797184451224,1373.0797167797205,1373.4551994286119,1.2128953397194664e-05,-2.7338422370515314,-2.733854362687582,0.4957986455188729,0.5458367771752706
600519,贵州茅台,2026-05-11,10000,0.0011226119800715171,2.857352632014013e-05,1372.8800048828125,1362.8900146484375,-0.007303270791521111,1363.5437581380208,1363.5182341568368,1363.5461398659427,1363.5461392652144,1363.5215233824463,4.405631415238531e-06,0.18053608303425506,0.18053167732290376,0.5000003307932104,0.5683984958038585
600519,贵州茅台,2026-05-12,10000,0.0011226119800715171,2.857352632014013e-05,1362.0,1354.3800048828125,-0.0056104190807150355,1354.0267210888262,1354.2667622599236,1354.029122532251,1354.0291222254925,1354.2702172707561,2.2655233244961437e-06,-1.7802557822688136,-1.7802580473891272,0.4957986455188729,0.6683519337490352
600519,贵州茅台,2026-05-13,10000,0.0011226119800715171,2.857352632014013e-05,1354.5,1344.4000244140625,-0.007484547514379029,1342.591005452474,1343.2233075332617,1342.5933886884318,1342.5933865796671,1343.2266793827523,1.570665153494133e-05,-4.714697109884369,-4.714712809130717,0.5000003307932104,0.5710873674177523
600519,贵州茅台,2026-05-14,10000,0.0011226119800715171,2.857352632014013e-05,1344.02001953125,1340.699951171875,-0.0024733082690783495,1341.2483146090467,1344.6912882981871,1341.2507144424299,1341.250715745713,1344.695902196678,-9.71692393214596e-06,-25.62057152565189,-25.62056183362249,0.4957986455188729,0.44903538905068363
600519,贵州茅台,2026-05-15,10000,0.0011226119800715171,2.857352632014013e-05,1335.050048828125,1332.56005859375,-0.0018668327508546837,1331.864032136292,1331.7986241228346,1331.866434568307,1331.8664332729584,1331.803198384852,9.725815708350183e-06,0.4748162756462726,0.4748065493687115,0.4957986455188729,0.5716844963058418
600519,贵州茅台,2026-05-18,10000,0.0011226119800715171,2.857352632014013e-05,1337.0,1322.510009765625,-0.010896844577243669,1326.0172067415917,1327.468815858576,1326.019631498517,1326.0196282268737,1327.4725825112637,2.4672659471036695e-05,-10.945243102483682,-10.945267748139198,0.5000003198586627,0.5566920458961231
600519,贵州茅台,2026-05-19,10000,0.0011226119800715171,2.857352632014013e-05,1322.010009765625,1324.300048828125,0.001730741737316745,1321.7931133879333,1322.2558759007575,1321.79551573341,1321.7955145245994,1322.2589764757306,9.14521569583826e-06,-3.5050678465120555,-3.5050769885225375,0.4957986455188729,0.5658682732833661
600519,贵州茅台,2026-05-20,10000,0.0011226119800715171,2.857352632014013e-05,1323.75,1315.800048828125,-0.0060237351546412465,1318.978253173828,1320.6400604413782,1318.9806369756266,1318.9806343010214,1320.644021334945,2.027781942359752e-05,-12.595251501892335,-12.595271754171078,0.5000003307932104,0.6216087316318077
600519,贵州茅台,2026-05-21,10000,0.0011226119800715171,2.857352632014013e-05,1312.0999755859375,1311.0999755859375,-0.0007624276205056913,1314.8282491048178,1315.6334963655231,1314.8306311950505,1314.8306302320111,1315.637079182341,7.324436612776708e-06,-6.129714645863871,-6.129721965810742,0.5000003307932104,0.6205200400337422
600519,贵州茅台,2026-05-22,10000,0.0011226119800715171,2.857352632014013e-05,1311.0,1290.2099609375,-0.015985239235354966,1295.147312196363,1296.1016177355277,1295.1497149915822,1295.149713333029,1296.105811930628,1.2805880800215164e-05,-7.376688926513664,-7.376701722947576,0.4957986455188729,0.6544399940448902
600519,贵州茅台,2026-05-25,10000,0.0011226119800715171,2.857352632014013e-05,1285.030029296875,1285.8800048828125,0.000661225484833122,1290.39208984375,1290.1458828506693,1290.3944727899716,1290.3944709709433,1290.1500787130499,1.4096683820241651e-05,1.8943073441923808,1.8942932448395844,0.5000003307932104,0.6817910682831545
600519,贵州茅台,2026-05-26,10000,0.0011226119800715171,2.857352632014013e-05,1285.0,1273.489990234375,-0.00899756298437766,1276.4136983406645,1277.4793399764803,1276.41610249202,1276.4160994773308,1277.4826976790264,2.3618389466406597e-05,-8.349194779265767,-8.349218377935452,0.4957986455188729,0.6045894077151253
600519,贵州茅台,2026-05-27,10000,0.0011226119800715171,2.857352632014013e-05,1271.9200439453125,1303.0,0.024141693734017446,1275.0722333419421,1280.066465185624,1275.0745829314876,1275.0745947903984,1280.0705414054592,-9.300562320291306e-05,-39.02877468366817,-39.0286820410346,0.49586810582793306,0.41503449698229106
600900,长江电力,2026-04-28,10000,0.000802819266019078,2.5899350110309407e-08,26.68000030517578,26.700000762939453,0.0007493614949193845,26.678823422984916,26.68233237492998,26.678832927603697,26.678825599400913,26.682335050233462,0.0027468236019068115,-1.3125247933409856,-1.315271255660777,0.4959823079505587,0.4924585672245024
600900,长江电力,2026-04-29,10000,0.000802819266019078,2.5899350110309407e-08,26.700000762939453,26.75,0.0018708793613006708,26.692333253224692,26.69260210164372,26.692340198621572,26.692335411503866,26.692604987066886,0.0017934428120369716,-0.09919917724143801,-0.10099260194018633,0.500186583349988,0.5848304928191754
600900,长江电力,2026-04-30,10000,0.000802819266019078,2.5899350110309407e-08,27.100000381469727,27.309999465942383,0.00771917396819763,27.26783339182536,27.250871775521354,27.2678309871628,27.267835550104536,27.25087720120598,-0.001673378778876966,6.221372556796112,6.223046976925328,0.500186583349988,0.6872914506607992
600900,长江电力,2026-05-06,10000,0.000802819266019078,2.5899350110309407e-08,27.329999923706055,27.13999938964844,-0.006976365230675078,27.1248335202535,27.13801420541246,27.124844658353993,27.124835678532673,27.13801862051095,0.0033105532604160715,-4.854430362503104,-4.857739307583264,0.500186583349988,0.6734138018873788
600900,长江电力,2026-05-07,10000,0.000802819266019078,2.5899350110309407e-08,27.170000076293945,27.030000686645508,-0.005166040554832572,27.05661026906159,27.05308629376271,27.05662805111469,27.056612463921777,27.053091015694413,0.0057609550840886925,1.3074422505821026,1.3016805456067537,0.5001804175883015,0.46897106508286596
600900,长江电力,2026-05-08,10000,0.000802819266019078,2.5899350110309407e-08,27.06999969482422,27.0,-0.0025892263483018032,27.00991662343343,27.020168444049744,27.009927416426816,27.009918781712603,27.02017168700713,0.00319686789262974,-3.79134177938667,-3.7945374342163163,0.500186583349988,0.613967358020956
600900,长江电力,2026-05-11,10000,0.000802819266019078,2.5899350110309407e-08,27.049999237060547,27.010000228881836,-0.001479800809213719,27.035666735967002,27.045564444081496,27.035683514601075,27.035668894246175,27.04556794755289,0.0054078021727299586,-3.654732993954024,-3.660138816796721,0.500186583349988,0.583030113367645
600900,长江电力,2026-05-12,10000,0.000802819266019078,2.5899350110309407e-08,26.979999542236328,27.040000915527344,0.002221451220190927,27.065000136693318,27.07182080988262,27.065011105428887,27.06500229497249,27.071824536680918,0.0032552949003061826,-2.5167979508733396,-2.5200524254220813,0.500186583349988,0.5634714260553705
600900,长江电力,2026-05-13,10000,0.000802819266019078,2.5899350110309407e-08,27.06999969482422,27.010000228881836,-0.002218916074140153,27.074201760171842,27.106827139699536,27.0742382923239,27.074203936587836,27.10683124630861,0.012689472290716708,-12.0238893615221,-12.036563560049451,0.4959823079505587,0.6199521355432502
600900,长江电力,2026-05-14,10000,0.000802819266019078,2.5899350110309407e-08,26.989999771118164,26.88999938964844,-0.0037119709669813654,26.932999992370604,26.935928580421344,26.933003094381174,26.93300215064978,26.935932426011174,0.0003503996270914911,-1.087518183395808,-1.0878685449045022,0.500186583349988,0.6702808900999586
600900,长江电力,2026-05-15,10000,0.000802819266019078,2.5899350110309407e-08,26.899999618530273,27.049999237060547,0.0055607046609417446,26.989666795730592,26.963716262341062,26.989634457647522,26.989668954009762,26.96372051291557,-0.012781320992694134,9.610671019801842,9.623464640853285,0.500186583349988,0.5858951727980989
600900,长江电力,2026-05-18,10000,0.000802819266019078,2.5899350110309407e-08,27.049999237060547,26.8799991607666,-0.006304492654236729,26.898739245759337,26.91297085855785,26.898758735269883,26.898741422175334,26.912974750565148,0.006436395769693348,-5.282216264468342,-5.288649256253164,0.4959823079505587,0.5965861235313134
600900,长江电力,2026-05-19,10000,0.000802819266019078,2.5899350110309407e-08,26.8799991607666,27.25,0.013671036675785429,27.21766670544942,27.19626558307481,27.21764760455177,27.217668863728594,27.196269796670133,-0.007810800010110697,7.860566188475637,7.86838313432181,0.500186583349988,0.7172377838679354
600900,长江电力,2026-05-20,10000,0.000802819266019078,2.5899350110309407e-08,27.260000228881836,26.899999618530273,-0.013294162237876134,27.041500012079876,27.04309969925948,27.04153646400459,27.041502170359053,27.043103404647717,0.012681856695895277,-0.5794233818801064,-0.5921044876777692,0.500186583349988,0.5262537148573532
600900,长江电力,2026-05-21,10000,0.000802819266019078,2.5899350110309407e-08,26.850000381469727,26.65999984741211,-0.0071015261352264224,26.849999996794374,26.822147474172755,26.85002493421791,26.850002173210356,26.822151129338636,0.008477097099834907,10.392084044588135,10.383598145211614,0.4959823079505587,0.4170711622726263
600900,长江电力,2026-05-22,10000,0.000802819266019078,2.5899350110309407e-08,26.739999771118164,26.579999923706055,-0.006001512699519309,26.610166676839192,26.599836259405635,26.610165140430205,26.610168835118365,26.599840019666875,-0.0013884497251925865,3.8816476925029875,3.883036681369134,0.500186583349988,0.6576886786704151
600900,长江电力,2026-05-25,10000,0.000802819266019078,2.5899350110309407e-08,26.61000061035156,26.68000030517578,0.0026271245592735895,26.682688961509896,26.686244255375122,26.68270051805153,26.682691137925882,26.68624738147067,0.003515434630063652,-1.329097856450634,-1.33261282260988,0.4959823079505587,0.6550864476031933
600900,长江电力,2026-05-26,10000,0.000802819266019078,2.5899350110309407e-08,26.649999618530273,27.13999938964844,0.01821949561992676,27.0685000260671,27.04217153800431,27.06848052788395,27.068502184346272,27.042175966835593,-0.00800061347172587,9.727235367678055,9.735243769941615,0.500186583349988,0.7091740171512664
600900,长江电力,2026-05-27,10000,0.000802819266019078,2.5899350110309407e-08,27.059999465942383,27.239999771118164,0.006629869872306749,27.181487516923383,27.20268043441541,27.181491375702493,27.18148965736555,27.20268460101799,0.0006321717327395504,-7.790858007706847,-7.79148968688359,0.4960579833678054,0.5823982529218545
601318,中国平安,2026-04-28,10000,0.0014247353077080996,6.599879960344557e-08,57.459999084472656,57.59000015258789,0.002259906550291633,57.581916650136314,57.60906419154904,57.58194676960232,57.58192215003627,57.609072154701735,0.00427557211191143,-4.70852664083421,-4.712800197954614,0.500230582666289,0.606768796731146
601318,中国平安,2026-04-29,10000,0.0014247353077080996,6.599879960344557e-08,57.619998931884766,59.33000183105469,0.029245400013605944,58.95521016481544,58.93481710442718,58.95509767079181,58.955215710933096,58.93482689804556,-0.020022001423480873,3.439523591257654,3.4595525193981125,0.49602569569897803,0.5908480659727752
601318,中国平安,2026-04-30,10000,0.0014247353077080996,6.599879960344557e-08,59.20000076293945,59.400001525878906,0.003372697279345347,59.607083320617676,59.78180437716219,59.60720368668042,59.607088820517646,59.781814630813685,0.019270554063588463,-29.208036793727523,-29.227251025261136,0.500230582666289,0.6646362982816629
601318,中国平安,2026-05-06,10000,0.0014247353077080996,6.599879960344557e-08,59.38999938964844,59.369998931884766,-0.0003368214590001217,59.37008426570091,59.36712690621921,59.37009019379777,59.370089811818524,59.36713437479467,6.43386677268154e-05,0.4978881049644279,0.4978237630948179,0.49602569569897803,0.6014119581634586
601318,中国平安,2026-05-07,10000,0.0014247353077080996,6.599879960344557e-08,59.65999984741211,60.099998474121094,0.007348039623183669,60.15226883447471,60.29431794553365,60.15238867934741,60.152274380592345,60.29432729983952,0.019001568309917616,-23.54095764038666,-23.559914441164675,0.49602569569897803,0.6620892067205528
601318,中国平安,2026-05-08,10000,0.0014247353077080996,6.599879960344557e-08,59.880001068115234,60.04999923706055,0.0028349584318993495,59.99808330535889,60.0006973132264,59.998058946006815,59.998088805258845,60.000704417027926,-0.004976700529457645,-0.44090666048268723,-0.43593017690302105,0.500230582666289,0.49836678859822525
601318,中国平安,2026-05-11,10000,0.0014247353077080996,6.599879960344557e-08,59.779998779296875,60.31999969482422,0.008992582204553914,59.91563024440733,59.95228637568088,59.91558453363448,59.91563579052498,59.95229445965282,-0.008554843794472689,-6.123189504122495,-6.1146398913070055,0.49602569569897803,0.5466816417917144
601318,中国平安,2026-05-12,10000,0.0014247353077080996,6.599879960344557e-08,60.099998474121094,59.47999954223633,-0.010369702256301213,59.6843698966403,59.76150476318942,59.68451693605863,59.68437544275792,59.76151211804416,0.023706924912048066,-12.883740597702253,-12.907416923099158,0.49602569569897803,0.589366896209085
601318,中国平安,2026-05-13,10000,0.0014247353077080996,6.599879960344557e-08,59.38999938964844,58.06999969482422,-0.02247667762211012,58.28800004323323,58.26078192389829,58.288264447407144,58.288005543133195,58.260789670113745,0.04441810481203845,4.7158264501678815,4.6713875959381035,0.500230582666289,0.4753052066302342
601318,中国平安,2026-05-14,10000,0.0014247353077080996,6.599879960344557e-08,58.43000030517578,56.91999816894531,-0.026182720736540085,57.40050010681152,57.42374166613522,57.40061163080871,57.40050560671149,57.423750415413906,0.018470934375347525,-4.029479864655627,-4.047943322103009,0.500230582666289,0.6151356549374563
601318,中国平安,2026-05-15,10000,0.0014247353077080996,6.599879960344557e-08,56.970001220703125,55.52000045776367,-0.02578151047585372,55.949663979666575,55.94302187011506,55.94988360364177,55.949669525784216,55.943030160475615,0.038262577664038844,1.225075428787914,1.1868083100896598,0.49602569569897803,0.4540447010721421
601318,中国平安,2026-05-18,10000,0.0014247353077080996,6.599879960344557e-08,55.400001525878906,54.880001068115234,-0.009430618415807598,54.785546246696924,54.78450281086134,54.78559471857083,54.78555179281458,54.78451183380537,0.00783523298464317,0.1976625745503391,0.1898271928335582,0.49602569569897803,0.5352462154507651
601318,中国平安,2026-05-19,10000,0.0014247353077080996,6.599879960344557e-08,55.08000183105469,54.54999923706055,-0.009669008810980753,54.53058816605255,54.564347016193494,54.5307231380261,54.53059371217021,54.5643543973987,0.02373454002224662,-6.163595215965545,-6.187315070679267,0.49602569569897803,0.5096225992382246
601318,中国平安,2026-05-20,10000,0.0014247353077080996,6.599879960344557e-08,54.33000183105469,54.18000030517578,-0.0027647519763148473,54.084083239237465,54.078349020245184,54.08406874706626,54.084088739137435,54.07835653281504,-0.0036964792493598964,1.0562847352346694,1.0599816063039391,0.500230582666289,0.5688874474706748
601318,中国平安,2026-05-21,10000,0.0014247353077080996,6.599879960344557e-08,54.459999084472656,53.79999923706055,-0.012193017447900254,54.41350005467733,54.52145007738184,54.41370679885276,54.41350555457729,54.52145794546609,0.03698425113718429,-19.7630713986241,-19.799982421008224,0.500230582666289,0.5980920741193844
601318,中国平安,2026-05-22,10000,0.0014247353077080996,6.599879960344557e-08,54.119998931884766,53.72999954223633,-0.007232287345506717,53.82691666285197,53.79986256707587,53.82692855291846,53.82692216275195,53.799870649533254,0.0011871692184861615,5.029362163613271,5.028174397465612,0.500230582666289,0.5391800131842998
601318,中国平安,2026-05-25,10000,0.0014247353077080996,6.599879960344557e-08,53.849998474121094,54.279998779296875,0.007953437210994388,53.98260488429991,54.08872468952909,53.98266367334926,53.982610430417566,54.08873216220995,0.009862978331831584,-19.6100896842244,-19.61993331145773,0.49602569569897803,0.6209528356500523
601318,中国平安,2026-05-26,10000,0.0014247353077080996,6.599879960344557e-08,54.09000015258789,54.279998779296875,0.003506483773328744,54.2530252793256,54.364204157463824,54.25314076985663,54.25303082544326,54.36421336272921,0.020265119144990962,-20.4311965541526,-20.451420228251305,0.49602569569897803,0.6390801073249
601318,中国平安,2026-05-27,10000,0.0014247353077080996,6.599879960344557e-08,54.279998779296875,53.27000045776367,-0.01878248295548329,53.455619843538145,53.530797409812,53.45572754762499,53.455625297984376,53.53080593540103,0.019127947721298,-14.02526759388567,-14.044368677612606,0.4961028387776693,0.6670602948617644
601888,中国中免,2026-04-28,10000,0.0018593529662250723,1.9683161222420623e-07,65.37999725341797,64.56999969482422,-0.012466457374452091,64.63250020345052,64.72137476077117,64.63257190925499,64.63251660608488,64.72140162027709,0.00855655527765009,-13.724936234117413,-13.733481038267215,0.5001317027217458,0.6618115228695977
601888,中国中免,2026-04-29,10000,0.0018593529662250723,1.9683161222420623e-07,64.27999877929688,65.95999908447266,0.025799961932451192,65.64025026957194,65.58963907966277,65.64019376983576,65.6402666722063,65.58966908744233,-0.011106348927203413,7.703146409547834,7.714261326201566,0.5001317027217458,0.5472380221880089
601888,中国中免,2026-04-30,10000,0.0018593529662250723,1.9683161222420623e-07,67.0,65.62999725341797,-0.0206597527548256,65.64266688028971,65.6988971589952,65.64272097101498,65.64268328292407,65.69893861417323,0.005741400110892414,-8.556857134084384,-8.562593618068881,0.5001317027217458,0.7172350548086182
601888,中国中免,2026-05-06,10000,0.0018593529662250723,1.9683161222420623e-07,63.70000076293945,63.029998779296875,-0.010573790397188199,63.096583398183185,62.91258149916305,63.096580212863834,63.09659980081754,62.912640387104496,-0.0031044388715262272,29.237340004735213,29.240453521126586,0.5001317027217458,0.7271466203555529
601888,中国中免,2026-05-07,10000,0.0018593529662250723,1.9683161222420623e-07,63.15999984741211,63.04999923706055,-0.0017431366611648793,63.019495763698544,63.04432845852464,63.019511894604136,63.01951230417016,63.044359244421955,-6.4990351988925e-05,-3.9412486883216857,-3.9411837235847624,0.4959281903006472,0.6399208785944946
601888,中国中免,2026-05-08,10000,0.0018593529662250723,1.9683161222420623e-07,62.939998626708984,62.70000076293945,-0.0038204100102420964,62.81441663106283,62.817256382181746,62.8144612714019,62.81443303369717,62.81728086847758,0.0044954166367183745,-0.44885691273144346,-0.45335212556785187,0.5001317027217458,0.5707790807712989
601888,中国中免,2026-05-11,10000,0.0018593529662250723,1.9683161222420623e-07,62.5,62.70000076293945,0.0031949030646124797,62.514416726430255,62.417827966068124,62.514415274131395,62.51443312906462,62.41786076754159,-0.0028561297504836602,15.4690509098665,15.4719114585955,0.5001317027217458,0.6476466769701582
601888,中国中免,2026-05-12,10000,0.0018593529662250723,1.9683161222420623e-07,62.63999938964844,61.540000915527344,-0.01771665716790565,61.614583269755045,61.70445633980014,61.61466964052061,61.61459967238938,61.70448199520996,0.011355771456500463,-14.555240038530703,-14.566579268513458,0.5001317027217458,0.6375478495934321
601888,中国中免,2026-05-13,10000,0.0018593529662250723,1.9683161222420623e-07,61.689998626708984,61.439998626708984,-0.004060754472711499,61.1904998143514,61.20075352259924,61.19047678198007,61.19051621698574,61.20078070269306,-0.006444627062007768,-1.6836256980201636,-1.6771821518390961,0.5001317027217458,0.6586262660101517
601888,中国中免,2026-05-14,10000,0.0018593529662250723,1.9683161222420623e-07,61.540000915527344,60.689998626708984,-0.013908467551041527,60.992250029246016,61.320467727292346,60.99227498321887,60.99226643188037,61.32051134766005,0.0014020365202149776,-53.52798879647791,-53.52938332798374,0.5001317027217458,0.43549354821021014
601888,中国中免,2026-05-15,10000,0.0018593529662250723,1.9683161222420623e-07,60.59000015258789,59.0,-0.026592421569545742,59.4486665725708,59.512341171938694,59.44875259327572,59.44868297520515,59.51237071449604,0.011710616127924567,-10.689898664182351,-10.701596748081688,0.5001317027217458,0.6116535355378918
601888,中国中免,2026-05-18,10000,0.0018593529662250723,1.9683161222420623e-07,59.15999984741211,58.11000061035156,-0.017907858672961376,58.292203385951154,58.31459150948154,58.29226583679306,58.292220066596286,58.314617843844914,0.007851853423002098,-3.8330024063115697,-3.8408512439547238,0.5001273501391527,0.6328512107239203
601888,中国中免,2026-05-19,10000,0.0018593529662250723,1.9683161222420623e-07,58.04999923706055,58.36000061035156,0.005326039111871666,58.41208337148031,58.57206388267256,58.41217863280769,58.41209977411465,58.57209982306142,0.013500403741595335,-27.30330494157385,-27.316768466575382,0.5001317027217458,0.6512212854262001
601888,中国中免,2026-05-20,10000,0.0018593529662250723,1.9683161222420623e-07,58.02000045776367,57.880001068115234,-0.002415866365770916,57.80558341344197,57.72843743154535,57.80556397063953,57.80559981607632,57.728473583582286,-0.0062010318890859395,13.353962485362914,13.36017180193716,0.5001317027217458,0.6896775319950956
601888,中国中免,2026-05-21,10000,0.0018593529662250723,1.9683161222420623e-07,57.9900016784668,57.099998474121094,-0.015466520893380695,58.22983331680298,58.23547287260038,58.22994775782063,58.229849719437325,58.235501456888976,0.01683644793581962,-0.9536621011940749,-0.9704969151569376,0.5001317027217458,0.5755991350886878
601888,中国中免,2026-05-22,10000,0.0018593529662250723,1.9683161222420623e-07,57.5,56.689998626708984,-0.01418714369166527,56.61708329518636,56.64336276359585,56.61710176731541,56.617099697820706,56.643388080522755,0.0003655246771927523,-4.640667533866161,-4.641032888901275,0.5001317027217458,0.5614624389946454
601888,中国中免,2026-05-25,10000,0.0018593529662250723,1.9683161222420623e-07,56.66999816894531,56.84000015258789,0.0029953680427176293,56.95605032784598,56.97345123393703,56.95609856145516,56.95606686831763,56.97347987009547,0.005564488432252546,-3.050771811716757,-3.0563345994560898,0.4959281903006472,0.6240982042282676
601888,中国中免,2026-05-26,10000,0.0018593529662250723,1.9683161222420623e-07,56.5099983215332,56.529998779296875,0.00035386515366824726,56.18841654459636,56.358897603067774,56.18854978013267,56.1884329472307,56.35892152121814,0.020793052206702356,-30.229773119653245,-30.25050327183032,0.5001317027217458,0.6401835094502002
601888,中国中免,2026-05-27,10000,0.0018593529662250723,1.9683161222420623e-07,56.33000183105469,56.22999954223633,-0.0017768712492799612,55.915206530862605,56.169049908463705,55.91516676456141,55.915222797937986,56.16908309841343,-0.010021130878445916,-45.2057110149251,-45.19573517528408,0.4960020347929599,0.443307869114193
